[
  {
    "name": "小1",
    "classification": "",
    "phone": "",
    "region": "",
    "reladescribe": "",
    "interest": "篮球",
    "birthday": "",
    "relaperson": "1533477787962",
    "relaperson_name": "小2",
    "sex": "",
    "commond": "",
    "flag": "",
    "id": 1533477778254,
    "date": 1534259782281
  },
  {
    "name": "小2",
    "classification": "",
    "phone": "",
    "region": "",
    "reladescribe": "",
    "interest": "",
    "birthday": "",
    "relaperson": "1533477778254",
    "relaperson_name": "小1",
    "sex": "",
    "commond": "",
    "flag": "",
    "id": 1533477787962,
    "date": 1533477787962
  },
  {
    "name": "小3",
    "classification": "",
    "phone": "",
    "region": "",
    "reladescribe": "",
    "interest": "",
    "birthday": "",
    "relaperson": "1533477787962,1533477778254",
    "relaperson_name": "小2,小1",
    "sex": "",
    "commond": "",
    "flag": "",
    "id": 1533477802855,
    "date": 1533477802855
  },
  {
    "name": "小4",
    "classification": "",
    "phone": "444444444",
    "region": "",
    "reladescribe": "",
    "interest": "篮球",
    "birthday": "",
    "relaperson": "1533477802855",
    "relaperson_name": "小3",
    "sex": "",
    "commond": "",
    "flag": "",
    "id": 1533478653401,
    "date": 1534261135293,
    "hate": "榴莲"
  }
]